{"training_date": "2025-07-26T13:39:45.761775", "training_data_size": 200, "temperature_model": {"r2_score": 0.9985963383895045, "rmse": 0.4059600349788125, "feature_importance": [0.8436338261696825, 0.00012268614867902387, 9.553314558801211e-05, 0.00012095016859258274, 0.0003095125727549118, 0.15550971997694424, 0.00012329577746562678, 8.447604029311048e-05]}, "humidity_model": {"r2_score": 0.9988965103066929, "rmse": 0.3965643390422298, "feature_importance": [0.0004233085846177885, 0.9950353130308213, 0.00036084909931384925, 0.00027295322801178273, 0.0005931571103451814, 0.002791918551241322, 0.00031937426650982515, 0.0002031261291389935]}, "pressure_model": {"r2_score": 0.9996620983978839, "rmse": 0.27365895746334784, "feature_importance": [0.00027289703735008974, 0.0004970571857151203, 0.5243363562647284, 0.000981125439908154, 0.0006726793516531747, 0.0004215621838837936, 0.4721556242647338, 0.0006626982720274477]}, "weather_condition_model": {"accuracy": 0.95, "precision": 0.95, "recall": 0.95, "f1_score": 0.95, "feature_importance": [0.1437543034602057, 0.45463253977658274, 0.0658516091779937, 0.04154784617413997, 0.046495185750375666, 0.14855771492479977, 0.057261188246727074, 0.04189961248917542]}}